INSERT INTO saa_role VALUES ('admin', '管理员', null, null, '00000000', null, null, null, null, '1', null, null, '1', '2015-04-17 17:18:36', null);
INSERT INTO saa_role VALUES ('employee', '员工', null, null, '00000000', null, null, null, null, '1', null, null, '1', '2015-04-17 17:18:36', null);
INSERT INTO saa_role VALUES ('manager', '项目经理', null, null, '00000000', null, null, null, null, '1', null, null, '1', '2015-04-17 17:18:36', null);
INSERT INTO saa_task VALUES ('PLAT_OTHER', '系统', '其它配置', null, null, '/**', null, null, null, null, '1', null, null, '1', '2015-04-23 16:20:46', null);
INSERT INTO saa_task VALUES ('PLAT_SPC', '系统', '界面配置', null, null, '/spc**', null, null, null, null, '1', null, null, '1', '2015-04-23 16:20:46', null);
INSERT INTO saa_task VALUES ('PLAT_USER', '用户', '用户管理', null, null, '/sysusers/**', null, null, null, null, '1', null, null, '1', '2015-04-23 16:20:46', null);
INSERT INTO saa_task VALUES ('PLAT_USER_DELETE', '用户', '用户删除', null, null, '/sysusers/', null, null, null, null, '1', null, null, '1', '2015-04-23 16:20:46', null);
INSERT INTO saa_task VALUES ('PLAT_USER_EDIT', '用户', '用户编辑', null, null, '/sysusers/**/edit', null, null, null, null, '1', null, null, '1', '2015-04-23 16:20:46', null);
INSERT INTO saa_task VALUES ('PLAT_USER_LIST', '用户', '用户查看', null, null, '/sysusers/list', null, null, null, null, '1', null, null, '1', '2015-04-23 16:20:46', null);
INSERT INTO saa_task VALUES ('PLAT_USER_SAVE', '用户', '用户保存', null, null, '/sysusers', null, null, null, null, '1', null, null, '1', '2015-04-23 16:20:46', null);
INSERT INTO saa_task VALUES ('PLAT_USER_SEARCH', '用户', '用户查询', null, null, '/sysusers/index', null, null, null, null, '1', null, null, '1', '2015-04-23 16:20:46', null);
INSERT INTO saa_task VALUES ('PLAT_USER_VIEW', '用户', '用户查询', null, null, '/sysusers/**/show', null, null, null, null, '1', null, null, '1', '2015-04-23 16:20:46', null);
INSERT INTO saa_role_task VALUES (1, 'admin', 'PLAT_OTHER', null, null, '1', '2015-04-22 17:11:23', null);
INSERT INTO saa_role_task VALUES (10, 'manager', 'PLAT_USER', null, null, '1', '2015-04-22 17:11:23', null);
INSERT INTO saa_role_task VALUES (11, 'manager', 'PLAT_USER_LIST', null, null, '1', '2015-04-22 17:11:23', null);
INSERT INTO saa_role_task VALUES (12, 'manager', 'PLAT_USER_VIEW', null, null, '1', '2015-04-22 17:11:23', null);
INSERT INTO saa_role_task VALUES (13, 'manager', 'PLAT_USER_EDIT', null, null, '1', '2015-04-22 17:11:23', null);
INSERT INTO saa_role_task VALUES (14, 'manager', 'PLAT_USER_SAVE', null, null, '1', '2015-04-22 17:11:23', null);
INSERT INTO saa_role_task VALUES (15, 'manager', 'PLAT_USER_DELETE', null, null, '1', '2015-04-22 17:11:23', null);
INSERT INTO saa_role_task VALUES (16, 'employee', 'PLAT_USER_SEARCH', null, null, '1', '2015-04-22 17:11:23', null);
INSERT INTO saa_role_task VALUES (17, 'admin', 'PLAT_USER_SEARCH', null, null, '1', '2015-04-22 17:11:23', null);
INSERT INTO saa_role_task VALUES (18, 'manager', 'PLAT_USER_SEARCH', null, null, '1', '2015-04-22 17:11:23', null);
INSERT INTO saa_role_task VALUES (2, 'admin', 'PLAT_USER', null, null, '1', '2015-04-23 16:22:03', null);
INSERT INTO saa_role_task VALUES (3, 'admin', 'PLAT_USER_LIST', null, null, '1', '2015-04-23 16:22:03', null);
INSERT INTO saa_role_task VALUES (4, 'admin', 'PLAT_USER_VIEW', null, null, '1', '2015-04-23 16:22:03', null);
INSERT INTO saa_role_task VALUES (5, 'admin', 'PLAT_USER_EDIT', null, null, '1', '2015-04-23 16:22:03', null);
INSERT INTO saa_role_task VALUES (6, 'admin', 'PLAT_USER_SAVE', null, null, '1', '2015-04-23 16:22:03', null);
INSERT INTO saa_role_task VALUES (7, 'admin', 'PLAT_USER_DELETE', null, null, '1', '2015-04-23 16:22:03', null);
INSERT INTO saa_role_task VALUES (8, 'employee', 'PLAT_USER_VIEW', null, null, '1', '2015-04-22 17:11:23', null);
INSERT INTO saa_role_task VALUES (9, 'employee', 'PLAT_USER_LIST', null, null, '1', '2015-04-22 17:11:23', null);
INSERT INTO saa_user_role VALUES ('1', 'admin', 'admin','2014-11-06','2114-11-06', null, null, '1', '2014-11-06 15:19:26', null);
INSERT INTO saa_user_role VALUES ('18', 'manager1', 'manager','2014-11-06','2114-11-06', null, null, '1', '2015-04-22 17:12:49', null);
INSERT INTO saa_user_role VALUES ('19', 'manager2', 'manager','2014-11-06','2114-11-06', null, null, '1', '2015-04-22 17:12:49', null);
INSERT INTO saa_user_role VALUES ('20', 'employee1', 'employee','2014-11-06','2114-11-06', null, null, '0', '2015-04-22 17:12:41', null);
INSERT INTO saa_user_role VALUES ('21', 'employee2', 'employee','2014-11-06','2114-11-06', null, null, '0', '2015-04-22 17:12:41', null);
INSERT INTO saa_user_role VALUES ('22', 'employee3', 'employee','2014-11-06','2114-11-06', null, null, '0', '2015-04-22 17:12:41', null);
INSERT INTO saa_user_role VALUES ('23', 'employee4', 'employee','2014-11-06','2114-11-06', null, null, '0', '2015-04-22 17:12:41', null);
INSERT INTO saa_user_role VALUES ('24', 'employee5', 'employee','2014-11-06','2114-11-06', null, null, '0', '2015-04-22 17:12:41', null);